{
  "Type": "Wielding",
  "Effects": {
    "ItemAnimationId": "Guard",
    "ClearAnimationOnFinish": true,
    "WorldSoundEventId": "SFX_Light_Melee_T2_Block",
    "LocalSoundEventId": "SFX_Sword_T2_Block_Local"
  },
  "Forks": {
    "Primary": {
      "Interactions": [
        {
          "Type": "Replace",
          "Var": "Guard_Bash",
          "DefaultOk": true,
          "DefaultValue": {
            "Interactions": [
              "Weapon_Lighter_Sword_Guard_Bash"
            ]
          }
        }
      ]
    }
  },
  "AngledWielding": {
    "Angle": 0,
    "AngleDistance": 90,
    "DamageModifiers": {
      "Physical": 0,
      "Projectile": 0,
      "Poison": 0
    },
    "KnockbackModifiers": {
      "Physical": 0.25,
      "Projectile": 0.25
    }
  },
  "StaminaCost": {
    "Value": 7,
    "CostType": "Damage"
  },
  "CancelOnOtherClick": true,
  "Failed": {
    "Type": "Replace",
    "Var": "Guard_Break",
    "DefaultOk": true,
    "DefaultValue": {
      "Interactions": [
        {
          "Type": "Simple",
          "Effects": {
            "Particles": [
              {
                "SystemId": "Shield_Shatter"
              }
            ],
            "WorldSoundEventId": "SFX_Light_Melee_T2_Guard_Break",
            "LocalSoundEventId": "SFX_Light_Melee_T2_Guard_Break"
          }
        }
      ]
    }
  },
  "BlockedEffects": {
    "WorldSoundEventId": "SFX_Light_Melee_T2_Guard_Hit",
    "WorldParticles": [
      {
        "SystemId": "Shield_Block"
      }
    ]
  },
  "Next": {
    "$Comment": "Standard regen delay upon ending guarding on all weapons",
    "Type": "ChangeStat",
    "Behaviour": "Set",
    "StatModifiers": {
      "StaminaRegenDelay": -1
    }
  }
}
