{
  "Animations": {
    "Idle": {
      "FirstPerson": "Characters/Animations/Items/Dual_Handed/Longsword/Idle_FPS.blockyanim",
      "Speed": 0.5,
      "ThirdPerson": "Characters/Animations/Items/Dual_Handed/Longsword/Idle.blockyanim",
      "Looping": true
    },
    "Walk": {
      "FirstPerson": "Characters/Animations/Items/Dual_Handed/Longsword/Walk_FPS.blockyanim",
      "Speed": 1.0,
      "ThirdPerson": "Characters/Animations/Items/Dual_Handed/Longsword/Walk.blockyanim",
      "Looping": true
    },
    "WalkBackward": {
      "FirstPerson": "Characters/Animations/Items/Dual_Handed/Longsword/Walk_Backward_FPS.blockyanim",
      "Speed": 1.0,
      "ThirdPerson": "Characters/Animations/Items/Dual_Handed/Longsword/Walk_Backward.blockyanim",
      "Looping": true
    },
    "Run": {
      "FirstPerson": "Characters/Animations/Items/Dual_Handed/Longsword/Run_FPS.blockyanim",
      "Speed": 0.9,
      "ThirdPerson": "Characters/Animations/Items/Dual_Handed/Longsword/Run.blockyanim",
      "Looping": true
    },
    "RunBackward": {
      "FirstPerson": "Characters/Animations/Items/Dual_Handed/Longsword/Run_Backward_FPS.blockyanim",
      "Speed": 0.9,
      "ThirdPerson": "Characters/Animations/Items/Dual_Handed/Longsword/Run_Backward.blockyanim",
      "Looping": true
    },
    "Sprint": {
      "FirstPerson": "Characters/Animations/Items/Main_Handed/Sword/Sprint_FPS.blockyanim",
      "Speed": 1.1,
      "ThirdPerson": "Characters/Animations/Items/Main_Handed/Sword/Sprint.blockyanim",
      "Looping": true
    },
    "Crouch": {
      "BlendingDuration": 0.1,
      "FirstPerson": "Characters/Animations/Items/Main_Handed/Sword/Crouch_FPS.blockyanim",
      "Speed": 0.5,
      "ThirdPerson": "Characters/Animations/Items/Main_Handed/Sword/Crouch.blockyanim",
      "Looping": true
    },
    "CrouchWalk": {
      "BlendingDuration": 0.1,
      "ThirdPerson": "Characters/Animations/Items/Main_Handed/Sword/Crouch_Walk.blockyanim",
      "Speed": 0.8,
      "FirstPerson": "Characters/Animations/Items/Main_Handed/Sword/Crouch_Walk_FPS.blockyanim",
      "Looping": true
    },
    "CrouchWalkBackward": {
      "BlendingDuration": 0.1,
      "ThirdPerson": "Characters/Animations/Items/Main_Handed/Sword/Crouch_Walk_Backward.blockyanim",
      "Speed": 0.8,
      "FirstPerson": "Characters/Animations/Items/Main_Handed/Sword/Crouch_Walk_Backward_FPS.blockyanim",
      "Looping": true
    },
    "Jump": {
      "Speed": 1,
      "ThirdPerson": "Characters/Animations/Items/Main_Handed/Sword/Jump.blockyanim",
      "Looping": false,
      "KeepPreviousFirstPersonAnimation": true
    },
    "JumpWalk": {
      "Speed": 0.8,
      "ThirdPerson": "Characters/Animations/Items/Main_Handed/Sword/Jump_Far.blockyanim",
      "Looping": false,
      "KeepPreviousFirstPersonAnimation": true
    },
    "JumpRun": {
      "Speed": 0.8,
      "ThirdPerson": "Characters/Animations/Items/Main_Handed/Sword/Jump_Far.blockyanim",
      "Looping": false,
      "KeepPreviousFirstPersonAnimation": true
    },
    "Fall": {
      "BlendingDuration": 0.4,
      "Speed": 1,
      "ThirdPerson": "Characters/Animations/Items/Main_Handed/Sword/Fall.blockyanim",
      "Looping": true,
      "KeepPreviousFirstPersonAnimation": true
    },
    "FallFar": {
      "BlendingDuration": 0.4,
      "Speed": 1,
      "ThirdPerson": "Characters/Animations/Items/Main_Handed/Sword/Fall_Far.blockyanim",
      "Looping": true,
      "KeepPreviousFirstPersonAnimation": true
    },
    "FlyIdle": {
      "Speed": 0.5,
      "ThirdPerson": "Characters/Animations/Items/Main_Handed/Sword/Fly/Fly_Idle.blockyanim",
      "Looping": true,
      "FirstPerson": "Characters/Animations/Items/Main_Handed/Sword/Fly/Fly_Idle_FPS.blockyanim"
    },
    "Fly": {
      "Looping": true,
      "ThirdPerson": "Characters/Animations/Items/Main_Handed/Sword/Fly/Fly.blockyanim",
      "FirstPerson": "Characters/Animations/Items/Main_Handed/Sword/Fly/Fly_FPS.blockyanim"
    },
    "FlyBackward": {
      "Looping": true,
      "ThirdPerson": "Characters/Animations/Items/Main_Handed/Sword/Fly/Fly_Backward.blockyanim",
      "FirstPerson": "Characters/Animations/Items/Main_Handed/Sword/Fly/Fly_Backward_FPS.blockyanim"
    },
    "FlyFast": {
      "Looping": true,
      "ThirdPerson": "Characters/Animations/Items/Main_Handed/Sword/Fly/Fly_Fast.blockyanim",
      "FirstPerson": "Characters/Animations/Items/Main_Handed/Sword/Fly/Fly_Fast_FPS.blockyanim"
    },
    "SwimIdle": {
      "FirstPerson": "Characters/Animations/Items/Main_Handed/Sword/Swim/Swim_Idle_FPS.blockyanim",
      "Speed": 1,
      "ThirdPerson": "Characters/Animations/Items/Main_Handed/Sword/Swim/Swim_Idle.blockyanim",
      "Looping": true
    },
    "Swim": {
      "FirstPerson": "Characters/Animations/Items/Main_Handed/Sword/Swim/Swim_FPS.blockyanim",
      "Speed": 0.6,
      "ThirdPerson": "Characters/Animations/Items/Main_Handed/Sword/Swim/Swim.blockyanim",
      "Looping": true
    },
    "SwimBackward": {
      "FirstPerson": "Characters/Animations/Items/Main_Handed/Sword/Swim/Swim_Backward_FPS.blockyanim",
      "Speed": 1,
      "ThirdPerson": "Characters/Animations/Items/Main_Handed/Sword/Swim/Swim_Backward.blockyanim",
      "Looping": true
    },
    "SwimFast": {
      "FirstPerson": "Characters/Animations/Items/Main_Handed/Sword/Swim/Swim_Fast_FPS.blockyanim",
      "Speed": 0.6,
      "ThirdPerson": "Characters/Animations/Items/Main_Handed/Sword/Swim/Swim_Fast.blockyanim",
      "Looping": true
    },
    "SwimJump": {
      "BlendingDuration": 0.1,
      "FirstPerson": "Characters/Animations/Items/Main_Handed/Sword/Swim/Swim_Jump_FPS.blockyanim",
      "Speed": 0.8,
      "ThirdPerson": "Characters/Animations/Items/Main_Handed/Sword/Swim/Swim_Jump.blockyanim",
      "Looping": false
    },
    "SwimFloat": {
      "FirstPerson": "Characters/Animations/Items/Main_Handed/Sword/Swim/Swim_Float_FPS.blockyanim",
      "Speed": 1,
      "ThirdPerson": "Characters/Animations/Items/Main_Handed/Sword/Swim/Swim_Float.blockyanim",
      "Looping": true
    },
    "SwimSink": {
      "FirstPerson": "Characters/Animations/Items/Main_Handed/Sword/Swim/Swim_Sink_FPS.blockyanim",
      "Speed": 1,
      "ThirdPerson": "Characters/Animations/Items/Main_Handed/Sword/Swim/Swim_Sink.blockyanim",
      "Looping": true
    },
    "SwimDive": {
      "FirstPerson": "Characters/Animations/Items/Main_Handed/Sword/Swim/Swim_Dive_FPS.blockyanim",
      "Speed": 0.6,
      "ThirdPerson": "Characters/Animations/Items/Main_Handed/Sword/Swim/Swim_Dive.blockyanim",
      "Looping": true
    },
    "SwimDiveBackward": {
      "FirstPerson": "Characters/Animations/Items/Main_Handed/Sword/Swim/Swim_Dive_Backward_FPS.blockyanim",
      "Speed": 1,
      "ThirdPerson": "Characters/Animations/Items/Main_Handed/Sword/Swim/Swim_Dive_Backward.blockyanim",
      "Looping": true
    },
    "SwimDiveFast": {
      "FirstPerson": "Characters/Animations/Items/Main_Handed/Sword/Swim/Swim_Dive_Fast_FPS.blockyanim",
      "Speed": 0.6,
      "ThirdPerson": "Characters/Animations/Items/Main_Handed/Sword/Swim/Swim_Dive_Fast.blockyanim",
      "Looping": true
    },
    "FluidIdle": {
      "FirstPerson": "Characters/Animations/Items/Main_Handed/Sword/Idle_FPS.blockyanim",
      "Speed": 0.3,
      "ThirdPerson": "Characters/Animations/Items/Main_Handed/Sword/Idle.blockyanim",
      "Looping": true
    },
    "FluidWalk": {
      "FirstPerson": "Characters/Animations/Items/Main_Handed/Sword/Walk_FPS.blockyanim",
      "Speed": 0.6,
      "ThirdPerson": "Characters/Animations/Items/Main_Handed/Sword/Walk.blockyanim",
      "Looping": true
    },
    "FluidWalkBackward": {
      "FirstPerson": "Characters/Animations/Items/Main_Handed/Sword/Walk_Backward_FPS.blockyanim",
      "Speed": 0.6,
      "ThirdPerson": "Characters/Animations/Items/Main_Handed/Sword/Walk_Backward.blockyanim",
      "Looping": true
    },
    "FluidRun": {
      "FirstPerson": "Characters/Animations/Items/Main_Handed/Sword/Run_FPS.blockyanim",
      "Speed": 0.6,
      "ThirdPerson": "Characters/Animations/Items/Main_Handed/Sword/Run.blockyanim",
      "Looping": true
    },
    "ClimbIdle": {
      "FirstPerson": "Characters/Animations/Items/Main_Handed/Sword/Climb/Climb_Idle_FPS.blockyanim",
      "Speed": 0.5,
      "ThirdPerson": "Characters/Animations/Items/Main_Handed/Sword/Climb/Climb_Idle.blockyanim",
      "Looping": true
    },
    "ClimbUp": {
      "FirstPerson": "Characters/Animations/Items/Main_Handed/Sword/Climb/Climb_Up_FPS.blockyanim",
      "Speed": 1,
      "ThirdPerson": "Characters/Animations/Items/Main_Handed/Sword/Climb/Climb_Up.blockyanim",
      "Looping": true
    },
    "ClimbDown": {
      "FirstPerson": "Characters/Animations/Items/Main_Handed/Sword/Climb/Climb_Down_FPS.blockyanim",
      "Speed": 1,
      "ThirdPerson": "Characters/Animations/Items/Main_Handed/Sword/Climb/Climb_Down.blockyanim",
      "Looping": true
    },
    "ClimbLeft": {
      "FirstPerson": "Characters/Animations/Items/Main_Handed/Sword/Climb/Climb_Left_FPS.blockyanim",
      "Speed": 1,
      "ThirdPerson": "Characters/Animations/Items/Main_Handed/Sword/Climb/Climb_Left.blockyanim",
      "Looping": true
    },
    "ClimbRight": {
      "FirstPerson": "Characters/Animations/Items/Main_Handed/Sword/Climb/Climb_Right_FPS.blockyanim",
      "Speed": 1,
      "ThirdPerson": "Characters/Animations/Items/Main_Handed/Sword/Climb/Climb_Right.blockyanim",
      "Looping": true
    },
    "MantleUp": {
      "FirstPerson": "Characters/Animations/Items/Main_Handed/Sword/Mantle/Mantle_Up_FPS.blockyanim",
      "Speed": 1,
      "BlendingDuration": 0,
      "ThirdPerson": "Characters/Animations/Items/Main_Handed/Sword/Mantle/Mantle_Up.blockyanim",
      "Looping": false
    },
    "Interact": {
      "Speed": 1,
      "BlendingDuration": 0.1,
      "ThirdPerson": "Characters/Animations/Items/Main_Handed/Sword/Interact.blockyanim",
      "Looping": false,
      "FirstPerson": "Characters/Animations/Items/Main_Handed/Sword/Interact_FPS.blockyanim"
    },
    "SwingLeft": {
      "ThirdPerson": "Characters/Animations/Items/Dual_Handed/Longsword/Attacks/Swing_Left/Swing_Left.blockyanim",
      "ThirdPersonMoving": "Characters/Animations/Items/Dual_Handed/Longsword/Attacks/Swing_Left/Swing_Left_Moving.blockyanim",
      "ThirdPersonFace": "Characters/Animations/Expressions/Frown.blockyanim",
      "FirstPerson": "Characters/Animations/Items/Dual_Handed/Longsword/Attacks/Swing_Left/Swing_Left_FPS.blockyanim",
      "KeepPreviousFirstPersonAnimation": true,
      "Speed": 1,
      "ClipsGeometry": true
    },
    "SwingRight": {
      "ThirdPerson": "Characters/Animations/Items/Dual_Handed/Longsword/Attacks/Swing_Right/Swing_Right.blockyanim",
      "ThirdPersonMoving": "Characters/Animations/Items/Dual_Handed/Longsword/Attacks/Swing_Right/Swing_Right_Moving.blockyanim",
      "ThirdPersonFace": "Characters/Animations/Expressions/Frown.blockyanim",
      "FirstPerson": "Characters/Animations/Items/Dual_Handed/Longsword/Attacks/Swing_Right/Swing_Right_FPS.blockyanim",
      "KeepPreviousFirstPersonAnimation": true,
      "Speed": 1,
      "ClipsGeometry": true
    },
    "SwingDown": {
      "ThirdPerson": "Characters/Animations/Items/Dual_Handed/Battleaxe/Attacks/Swing_Down/Swing_Down.blockyanim",
      "ThirdPersonMoving": "Characters/Animations/Items/Dual_Handed/Battleaxe/Attacks/Swing_Down/Swing_Down_Moving.blockyanim",
      "ThirdPersonFace": "Characters/Animations/Expressions/Angry.blockyanim",
      "FirstPerson": "Characters/Animations/Items/Dual_Handed/Battleaxe/Attacks/Swing_Down/Swing_Down_FPS.blockyanim",
      "KeepPreviousFirstPersonAnimation": true,
      "Speed": 1,
      "ClipsGeometry": true
    },
    "SwingDownStrong": {
      "ThirdPerson": "Characters/Animations/Items/Main_Handed/Sword/Attacks/Swing_Down_Strong/Swing_Down_Strong.blockyanim",
      "ThirdPersonMoving": "Characters/Animations/Items/Main_Handed/Sword/Attacks/Swing_Down_Strong/Swing_Down_Strong_Moving.blockyanim",
      "ThirdPersonFace": "Characters/Animations/Expressions/Angry.blockyanim",
      "FirstPerson": "Characters/Animations/Items/Main_Handed/Sword/Attacks/Swing_Down_Strong/Swing_Down_Strong_FPS.blockyanim",
      "KeepPreviousFirstPersonAnimation": true,
      "Speed": 1,
      "BlendingDuration": 0.3,
      "ClipsGeometry": true
    },
    "Stab": {
      "ThirdPerson": "Characters/Animations/Items/Main_Handed/Sword/Attacks/Stab/Stab.blockyanim",
      "ThirdPersonMoving": "Characters/Animations/Items/Main_Handed/Sword/Attacks/Stab/Stab_Moving.blockyanim",
      "ThirdPersonFace": "Characters/Animations/Expressions/Angry.blockyanim",
      "FirstPerson": "Characters/Animations/Items/Main_Handed/Sword/Attacks/Stab/Stab_FPS.blockyanim",
      "KeepPreviousFirstPersonAnimation": true,
      "Speed": 1,
      "ClipsGeometry": true
    },
    "SwingLeftCharging": {
      "ThirdPerson": "Characters/Animations/Items/Dual_Handed/Longsword/Attacks/Swing_Left_Charged/Swing_Left_Charging.blockyanim",
      "Looping": false,
      "Speed": 0.64,
      "ThirdPersonMoving": "Characters/Animations/Items/Dual_Handed/Longsword/Attacks/Swing_Left_Charged/Swing_Left_Charging_Moving.blockyanim",
      "FirstPerson": "Characters/Animations/Items/Dual_Handed/Longsword/Attacks/Swing_Left_Charged/Swing_Left_Charging_FPS.blockyanim",
      "ThirdPersonFace": "Characters/Animations/Expressions/Frown.blockyanim",
      "KeepPreviousFirstPersonAnimation": true
    },
    "SwingLeftCharged": {
      "ThirdPerson": "Characters/Animations/Items/Dual_Handed/Longsword/Attacks/Swing_Left_Charged/Swing_Left_Charged.blockyanim",
      "ThirdPersonMoving": "Characters/Animations/Items/Dual_Handed/Longsword/Attacks/Swing_Left_Charged/Swing_Left_Charged_Moving.blockyanim",
      "ThirdPersonFace": "Characters/Animations/Expressions/Rage.blockyanim",
      "FirstPerson": "Characters/Animations/Items/Dual_Handed/Longsword/Attacks/Swing_Left_Charged/Swing_Left_Charged_FPS.blockyanim",
      "KeepPreviousFirstPersonAnimation": true,
      "Speed": 0.8,
      "BlendingDuration": 0
    },
    "StabDashCharging": {
      "ThirdPerson": "Characters/Animations/Items/Dual_Handed/Battleaxe/Attacks/Downstrike_Charged/Downstrike_Charging.blockyanim",
      "ThirdPersonFace": "Characters/Animations/Expressions/Frown.blockyanim",
      "KeepPreviousFirstPersonAnimation": true,
      "ThirdPersonMoving": "Characters/Animations/Items/Dual_Handed/Battleaxe/Attacks/Downstrike_Charged/Downstrike_Charging_Moving.blockyanim",
      "FirstPerson": "Characters/Animations/Items/Dual_Handed/Battleaxe/Attacks/Downstrike_Charged/Downstrike_Charging_FPS.blockyanim",
      "Speed": 1.32
    },
    "StabDashCharged": {
      "ThirdPerson": "Characters/Animations/Items/Dual_Handed/Battleaxe/Attacks/Swing_Left_Charged/Swing_Left_Charged.blockyanim",
      "ThirdPersonMoving": "Characters/Animations/Items/Dual_Handed/Battleaxe/Attacks/Swing_Left_Charged/Swing_Left_Charged_Moving.blockyanim",
      "ThirdPersonFace": "Characters/Animations/Expressions/Rage.blockyanim",
      "FirstPerson": "Characters/Animations/Items/Dual_Handed/Battleaxe/Attacks/Swing_Left_Charged/Swing_Left_Charged_FPS.blockyanim",
      "KeepPreviousFirstPersonAnimation": true,
      "BlendingDuration": 0
    },
    "SwingLeftSpinJumpCharging": {
      "ThirdPerson": "Characters/Animations/Items/Main_Handed/Sword/Attacks/Swing_Left_Spin_Jump_Charged/Swing_Left_Spin_Jump_Charging.blockyanim",
      "ThirdPersonMoving": "Characters/Animations/Items/Main_Handed/Sword/Attacks/Swing_Left_Spin_Jump_Charged/Swing_Left_Spin_Jump_Charging_Moving.blockyanim",
      "FirstPerson": "Characters/Animations/Items/Main_Handed/Sword/Attacks/Swing_Left_Spin_Jump_Charged/Swing_Left_Spin_Jump_Charging_FPS.blockyanim",
      "Speed": 4,
      "BlendingDuration": 0.1,
      "ClipsGeometry": true
    },
    "SwingLeftSpinJumpCharged": {
      "ThirdPerson": "Characters/Animations/Items/Main_Handed/Sword/Attacks/Swing_Left_Spin_Jump_Charged/Swing_Left_Spin_Jump_Charged.blockyanim",
      "FirstPerson": "Characters/Animations/Items/Main_Handed/Sword/Attacks/Swing_Left_Spin_Jump_Charged/Swing_Left_Spin_Jump_Charged_FPS.blockyanim",
      "BlendingDuration": 0,
      "ClipsGeometry": true
    },
    "SpinLeftStabCharging": {
      "ThirdPerson": "Characters/Animations/Items/Main_Handed/Sword/Attacks/Spin_Left_Stab_Charged/Spin_Left_Stab_Charging.blockyanim",
      "ThirdPersonMoving": "Characters/Animations/Items/Main_Handed/Sword/Attacks/Spin_Left_Stab_Charged/Spin_Left_Stab_Charging_Moving.blockyanim",
      "FirstPerson": "Characters/Animations/Items/Main_Handed/Sword/Attacks/Spin_Left_Stab_Charged/Spin_Left_Stab_Charging_FPS.blockyanim",
      "ThirdPersonFace": "Characters/Animations/Expressions/Frown.blockyanim",
      "Speed": 3,
      "BlendingDuration": 0.2,
      "ClipsGeometry": true
    },
    "SpinLeftStabCharged": {
      "ThirdPerson": "Characters/Animations/Items/Main_Handed/Sword/Attacks/Spin_Left_Stab_Charged/Spin_Left_Stab_Charged.blockyanim",
      "ThirdPersonMoving": "Characters/Animations/Items/Main_Handed/Sword/Attacks/Spin_Left_Stab_Charged/Spin_Left_Stab_Charged_Moving.blockyanim",
      "FirstPerson": "Characters/Animations/Items/Main_Handed/Sword/Attacks/Spin_Left_Stab_Charged/Spin_Left_Stab_Charged_FPS.blockyanim",
      "ThirdPersonFace": "Characters/Animations/Expressions/Rage.blockyanim",
      "BlendingDuration": 0,
      "ClipsGeometry": true
    },
    "SpinRightCharging": {
      "ThirdPerson": "Characters/Animations/Items/Main_Handed/Sword/Attacks/Spin_Right_Stab_Dash_Charged/Spin_Right_Charging.blockyanim",
      "ThirdPersonFace": "Characters/Animations/Expressions/Frown.blockyanim",
      "Speed": 2,
      "BlendingDuration": 0.2,
      "ThirdPersonMoving": "Characters/Animations/Items/Main_Handed/Sword/Attacks/Spin_Right_Stab_Dash_Charged/Spin_Right_Charging_Moving.blockyanim",
      "FirstPerson": "Characters/Animations/Items/Main_Handed/Sword/Attacks/Spin_Right_Stab_Dash_Charged/Spin_Right_Charging_FPS.blockyanim",
      "ClipsGeometry": true
    },
    "SpinRightCharged": {
      "ThirdPersonFace": "Characters/Animations/Expressions/Rage.blockyanim",
      "BlendingDuration": 0,
      "ThirdPerson": "Characters/Animations/Items/Main_Handed/Sword/Attacks/Spin_Right_Stab_Dash_Charged/Spin_Right_Charged.blockyanim",
      "ThirdPersonMoving": "Characters/Animations/Items/Main_Handed/Sword/Attacks/Spin_Right_Stab_Dash_Charged/Spin_Right_Charged_Moving.blockyanim",
      "FirstPerson": "Characters/Animations/Items/Main_Handed/Sword/Attacks/Spin_Right_Stab_Dash_Charged/Spin_Right_Charged_FPS.blockyanim",
      "ClipsGeometry": true
    },
    "SpinRightStabDashCharging": {
      "ThirdPerson": "Characters/Animations/Items/Main_Handed/Sword/Attacks/Spin_Right_Stab_Dash_Charged/Stab_Dash_Charged/Stab_Dash_Charging.blockyanim",
      "ThirdPersonFace": "Characters/Animations/Expressions/Frown.blockyanim",
      "Speed": 2,
      "BlendingDuration": 0.2,
      "ThirdPersonMoving": "Characters/Animations/Items/Main_Handed/Sword/Attacks/Spin_Right_Stab_Dash_Charged/Stab_Dash_Charged/Stab_Dash_Charging_Moving.blockyanim",
      "FirstPerson": "Characters/Animations/Items/Main_Handed/Sword/Attacks/Spin_Right_Stab_Dash_Charged/Stab_Dash_Charged/Stab_Dash_Charging_FPS.blockyanim",
      "ClipsGeometry": true
    },
    "SpinRightStabDashCharged": {
      "ThirdPersonFace": "Characters/Animations/Expressions/Rage.blockyanim",
      "BlendingDuration": 0,
      "Speed": 0.8,
      "ThirdPerson": "Characters/Animations/Items/Main_Handed/Sword/Attacks/Spin_Right_Stab_Dash_Charged/Stab_Dash_Charged/Stab_Dash_Charged.blockyanim",
      "ThirdPersonMoving": "Characters/Animations/Items/Main_Handed/Sword/Attacks/Spin_Right_Stab_Dash_Charged/Stab_Dash_Charged/Stab_Dash_Charged_Moving.blockyanim",
      "FirstPerson": "Characters/Animations/Items/Main_Handed/Sword/Attacks/Spin_Right_Stab_Dash_Charged/Stab_Dash_Charged/Stab_Dash_Charged_FPS.blockyanim",
      "ClipsGeometry": true
    },
    "Guard": {
      "ThirdPerson": "Characters/Animations/Items/Main_Handed/Sword/Attacks/Guard/Guard.blockyanim",
      "ThirdPersonMoving": "Characters/Animations/Items/Main_Handed/Sword/Attacks/Guard/Guard_Moving.blockyanim",
      "FirstPerson": "Characters/Animations/Items/Main_Handed/Sword/Attacks/Guard/Guard_FPS.blockyanim",
      "ThirdPersonFace": "Characters/Animations/Expressions/Frown.blockyanim",
      "KeepPreviousFirstPersonAnimation": true,
      "BlendingDuration": 0.1,
      "Looping": true
    },
    "GuardBash": {
      "ThirdPerson": "Characters/Animations/Strike_Down.blockyanim",
      "ThirdPersonMoving": "Characters/Animations/Items/Dual_Handed/Battleaxe/Attacks/Swing_Down/Swing_Down_Moving.blockyanim",
      "ThirdPersonFace": "Characters/Animations/Expressions/Angry.blockyanim",
      "FirstPerson": "Characters/Animations/Items/Dual_Handed/Battleaxe/Attacks/Swing_Down/Swing_Down_FPS.blockyanim",
      "KeepPreviousFirstPersonAnimation": true,
      "ClipsGeometry": false,
      "BlendingDuration": 0.1
    },
    "SwingDownCharged": {
      "ThirdPerson": "Characters/Animations/Items/Dual_Handed/Mace/Attacks/Swing_Down_Charged/Swing_Down_Charged.blockyanim",
      "ThirdPersonMoving": "Characters/Animations/Items/Dual_Handed/Mace/Attacks/Swing_Down_Charged/Swing_Down_Charged_Moving.blockyanim",
      "ThirdPersonFace": "Characters/Animations/Expressions/Rage.blockyanim",
      "FirstPerson": "Characters/Animations/Items/Dual_Handed/Mace/Attacks/Swing_Down_Charged/Swing_Down_Charged_FPS.blockyanim",
      "KeepPreviousFirstPersonAnimation": true,
      "Speed": 1,
      "BlendingDuration": 0
    },
    "SwingDownChargedFalling": {
      "ThirdPerson": "Characters/Animations/Items/Dual_Handed/Mace/Attacks/Swing_Down_Charged/Swing_Down_Falling.blockyanim",
      "FirstPerson": "Characters/Animations/Items/Dual_Handed/Mace/Attacks/Swing_Down_Charged/Swing_Down_Falling_FPS.blockyanim",
      "ThirdPersonFace": "Characters/Animations/Expressions/Rage.blockyanim",
      "Looping": true,
      "BlendingDuration": 0.3
    }
  },
  "Camera": {
    "Pitch": {
      "TargetNodes": [
        "Head",
        "RShoulder"
      ]
    },
    "Yaw": {
      "TargetNodes": [
        "Belly"
      ]
    }
  },
  "WiggleWeights": {
    "Pitch": 2.5,
    "PitchDeceleration": 0.1,
    "Roll": 0.1,
    "RollDeceleration": 0.1,
    "X": 2.5,
    "XDeceleration": 0.1,
    "Y": 0.1,
    "YDeceleration": 0.1,
    "Z": 0.1,
    "ZDeceleration": 0.1
  }
}
