{
  "TranslationProperties": {
    "Name": "server.items.Template_Weapon_Sword.name"
  },
  "DroppedItemAnimation": "Items/Animations/Dropped/Dropped_Diagonal_Left.blockyanim",
  "Model": "Items/Weapons/Sword/Iron.blockymodel",
  "Texture": "Items/Weapons/Sword/Iron_Texture.png",
  "Icon": "Icons/ItemsGenerated/Weapon_Sword_Iron.png",
  "PlayerAnimationsId": "Custom_Sword_Anim",
  "Reticle": "DefaultMelee",
  "Quality": "Template",
  "ItemLevel": 15,
  "Categories": [
    "Items.Weapons"
  ],
  "IconProperties": {
    "Scale": 0.35,
    "Translation": [
      -22,
      -22
    ],
    "Rotation": [
      45,
      90,
      0
    ]
  },
  "Utility": {
    "Compatible": true
  },
  "Interactions": {
    "Primary": "Root_Weapon_Lighter_Sword_Primary",
    "Secondary": "Root_Weapon_Sword_Secondary_Guard",
    "Ability1": "Root_Lighter_Weapon_Signature_VortexMace"
  },
  "Tags": {
    "Type": [
      "Weapon"
    ],
    "Family": [
      "Sword"
    ]
  },
  "Weapon": {
    "EntityStatsToClear": [
      "SignatureEnergy"
    ],
    "StatModifiers": {
      "SignatureEnergy": [
        {
          "Amount": 20,
          "CalculationType": "Additive"
        }
      ]
    }
  },
  "ItemAppearanceConditions": {
    "SignatureEnergy": [
      {
        "Condition": [
          100,
          100
        ],
        "ConditionValueType": "Percent",
        "Particles": [
          {
            "SystemId": "Sword_Signature_Ready",
            "TargetNodeName": "Handle",
            "PositionOffset": {
              "X": 0.8
            },
            "TargetEntityPart": "PrimaryItem"
          },
          {
            "SystemId": "Sword_Signature_Status_Spawn",
            "TargetNodeName": "Handle",
            "PositionOffset": {
              "X": 0.5
            },
            "TargetEntityPart": "PrimaryItem"
          },
          {
            "SystemId": "Sword_Signature_Status",
            "TargetNodeName": "Handle",
            "PositionOffset": {
              "X": 0.55
            },
            "TargetEntityPart": "PrimaryItem",
            "Scale": 1.3
          }
        ],
        "FirstPersonParticles": [
          {
            "SystemId": "Sword_Signature_Ready",
            "TargetNodeName": "Handle",
            "PositionOffset": {
              "X": 0.8
            },
            "TargetEntityPart": "PrimaryItem"
          },
          {
            "SystemId": "Sword_Signature_Status_Spawn",
            "TargetNodeName": "Handle",
            "TargetEntityPart": "PrimaryItem",
            "PositionOffset": {
              "Y": -100
            }
          },
          {
            "SystemId": "Sword_Signature_Status",
            "TargetNodeName": "Handle",
            "PositionOffset": {
              "X": 0.5
            },
            "TargetEntityPart": "PrimaryItem"
          }
        ],
        "ModelVFXId": "Lighter_Sword_Signature_Status"
      }
    ]
  },
  "ItemSoundSetId": "ISS_Weapons_Blade_Large",
  "MaxDurability": 80,
  "DurabilityLossOnHit": 0.21
}
