{
  "Parent": "CustomWeaponType",
  "TranslationProperties": {
    "Name": "server.items.Weapon_Lighter_Sword.name"
  },
  "Model": "Items/Lighter_Sword.blockymodel",
  "Texture": "Items/Lighter_Sword_Texture.png",
  "Icon": "Icons/ItemsGenerated/Lighter_Sword.png",
  "Quality": "Legendary",
  "ItemLevel": 40,
  "Recipe": {
    "TimeSeconds": 4.5,
    "Input": [
      {
        "ItemId": "Weapon_Sword_Adamantite",
        "Quantity": 1
      },
      {
        "ItemId": "Ingredient_Bar_Iron",
        "Quantity": 10
      },
      {
        "ItemId": "Ingredient_Fire_Essence",
        "Quantity": 8
      },
      {
        "ItemId": "Ingredient_Powder_Boom",
        "Quantity": 8
      }
    ],
    "BenchRequirement": [
      {
        "Type": "Crafting",
        "Categories": [
          "Weapon_Sword"
        ],
        "Id": "Weapon_Bench",
        "RequiredTierLevel": 3
      }
    ]
  },
  "InteractionVars": {
    "Swing_Left_Damage": {
      "Interactions": [
        {
          "Parent": "Weapon_Sword_Primary_Swing_Left_Damage",
          "DamageCalculator": {
            "BaseDamage": {
              "Physical": 12
            }
          },
          "EntityStatsOnHit": [
            {
              "EntityStatId": "SignatureEnergy",
              "Amount": 2
            }
          ],
          "DamageEffects": {
            "WorldSoundEventId": "SFX_Sword_T2_Impact",
            "LocalSoundEventId": "SFX_Sword_T2_Impact"
          }
        },
        "ApplyBurn"
      ]
    },
    "Swing_Right_Damage": {
      "Interactions": [
        {
          "Parent": "Weapon_Sword_Primary_Swing_Right_Damage",
          "DamageCalculator": {
            "BaseDamage": {
              "Physical": 12
            }
          },
          "EntityStatsOnHit": [
            {
              "EntityStatId": "SignatureEnergy",
              "Amount": 2
            }
          ],
          "DamageEffects": {
            "WorldSoundEventId": "SFX_Sword_T2_Impact",
            "LocalSoundEventId": "SFX_Sword_T2_Impact"
          }
        },
        "ApplyBurn"
      ]
    },
    "Swing_Down_Damage": {
      "Interactions": [
        {
          "Parent": "Weapon_Sword_Primary_Swing_Down_Damage",
          "DamageCalculator": {
            "BaseDamage": {
              "Physical": 18
            }
          },
          "EntityStatsOnHit": [
            {
              "EntityStatId": "SignatureEnergy",
              "Amount": 3
            }
          ],
          "DamageEffects": {
            "WorldSoundEventId": "SFX_Sword_T2_Impact",
            "LocalSoundEventId": "SFX_Sword_T2_Impact"
          }
        },
        "ApplyBurn"
      ]
    },
    "Thrust_Damage": {
      "Interactions": [
        {
          "Parent": "Weapon_Sword_Primary_Thrust_Damage",
          "DamageCalculator": {
            "BaseDamage": {
              "Physical": 30
            }
          },
          "EntityStatsOnHit": [
            {
              "EntityStatId": "SignatureEnergy",
              "Amount": 5
            }
          ],
          "DamageEffects": {
            "WorldSoundEventId": "SFX_Sword_T2_Impact",
            "LocalSoundEventId": "SFX_Sword_T2_Impact"
          }
        },
        "ApplyBurnX"
      ]
    },
    "Vortexstrike_Spin_Damage": {
      "Interactions": [
        {
          "Parent": "Weapon_Sword_Signature_Vortexstrike_Spin_Damage",
          "DamageCalculator": {
            "BaseDamage": {
              "Physical": 20
            }
          },
          "EntityStatsOnHit": [],
          "DamageEffects": {
            "WorldSoundEventId": "SFX_Sword_T2_Impact",
            "LocalSoundEventId": "SFX_Sword_T2_Impact"
          }
        },
        "ApplyBurnX"
      ]
    },
    "Groundslam_Damage": {
      "Interactions": [
        {
          "Parent": "Weapon_Mace_Signature_Groundslam_Damage",
          "DamageCalculator": {
            "BaseDamage": {
              "Physical": 60
            }
          },
          "EntityStatsOnHit": [],
          "DamageEffects": {
            "WorldSoundEventId": "SFX_Mace_T2_Impact",
            "LocalSoundEventId": "SFX_Mace_T2_Impact"
          }
        },
        "ApplyBurnXBlue"
      ]
    },
    "Guard_Wield": {
      "Interactions": [
        {
          "Parent": "Weapon_Lighter_Sword_Guard_Wield",
          "StaminaCost": {
            "Value": 15.56,
            "CostType": "Damage"
          }
        }
      ]
    }
  },
  "MaxDurability": 300,
  "DurabilityLossOnHit": 0.05,
  "Particles": [
    {
      "SystemId": "FireSword",
      "TargetNodeName": "Handle",
      "PositionOffset": {
        "X": 1
      },
      "TargetEntityPart": "PrimaryItem",
      "Color": "#ffff57",
      "DetachedFromModel": false
    }
  ],
  "Trails": [
    {
      "PositionOffset": {
        "X": 1,
        "Y": 0.1,
        "Z": 0
      },
      "RotationOffset": {
        "Pitch": 0,
        "Roll": 90,
        "Yaw": 0
      },
      "TargetNodeName": "Handle",
      "TargetEntityPart": "PrimaryItem",
      "TrailId": "Lighter_Sword_Trail"
    }
  ],
  "Light": {
    "Color": "#a86",
    "Radius": 1
  },
  "Animation": "Items/Lighter_Sword_WheelLoop.blockyanim"
}
