{
  "Type": "Selector",
  "$Comment": "Length of Combat",
  "Effects": {
    "ItemAnimationId": "SpinRightCharged"
  },
  "RunTime": 0.15,
  "Selector": {
    "Id": "Horizontal",
    "Direction": "ToRight",
    "TestLineOfSight": true,
    "ExtendTop": 0.5,
    "ExtendBottom": 1,
    "StartDistance": 0.1,
    "EndDistance": 3,
    "Length": 360,
    "RollOffset": 0,
    "YawStartOffset": -90
  },
  "HitEntity": {
    "Interactions": [
      {
        "Type": "Replace",
        "DefaultOk": true,
        "DefaultValue": {
          "Interactions": [
            "Lighter_Weapon_Signature_VortexMace_Spin_Damage"
          ]
        },
        "Var": "Vortexstrike_Spin_Damage"
      }
    ]
  },
  "Next": {
    "Type": "Parallel",
    "$Comment": "Make sure this parallel interaction is needed and can't be optimized away",
    "Interactions": [
      {
        "Interactions": [
          {
            "Type": "Selector",
            "$Comment": "Length of Combat",
            "RunTime": 0.1,
            "Selector": {
              "Id": "Horizontal",
              "Direction": "ToRight",
              "TestLineOfSight": true,
              "ExtendTop": 0.5,
              "ExtendBottom": 1,
              "StartDistance": 0.1,
              "EndDistance": 3,
              "Length": 180,
              "RollOffset": 0,
              "YawStartOffset": -90
            },
            "HitEntity": {
              "Interactions": [
                {
                  "Type": "Replace",
                  "DefaultOk": true,
                  "DefaultValue": {
                    "Interactions": [
                      "Lighter_Weapon_Signature_VortexMace_Spin_Damage"
                    ]
                  },
                  "Var": "Vortexstrike_Spin_Damage"
                }
              ]
            }
          }
        ]
      },
      {
        "Interactions": [
          {
            "Type": "Replace",
            "DefaultOk": true,
            "DefaultValue": {
              "Interactions": [
                "Lighter_Weapon_Signature_VortexMace_Spin_Effect2"
              ]
            },
            "Var": "Vortexstrike_Spin_Effect2"
          },
          null
        ]
      }
    ],
    "Next": {
      "Type": "Simple",
      "$Comment": "Pad the interaction length",
      "RunTime": 0.25
    }
  }
}
