{
  "Type": "StatsCondition",
  "Costs": {
    "SignatureEnergy": 100
  },
  "ValueType": "Percent",
  "Next": {
    "Type": "Serial",
    "Interactions": [
      {
        "Type": "Replace",
        "Var": "Vortexstrike_Spin",
        "DefaultOk": true,
        "DefaultValue": {
          "Interactions": [
            "Lighter_Weapon_Signature_VortexMace_Spin"
          ]
        }
      },
      {
        "Type": "Simple",
        "RunTime": 0.15
      },
      {
        "Type": "Replace",
        "Var": "Vortexstrike_Stab",
        "DefaultOk": true,
        "DefaultValue": {
          "Interactions": [
            "Lighter_Sword_Signature_Groundslam"
          ]
        }
      },
      {
        "Type": "ChangeStat",
        "StatModifiers": {
          "SignatureEnergy": -100
        },
        "ValueType": "Percent"
      }
    ]
  }
}
