{
  "ApplicationEffects": {
    "EntityBottomTint": "#100600",
    "EntityTopTint": "#cf2302",
    "ScreenEffect": "ScreenEffects/Fire.png",
    "WorldSoundEventId": "SFX_Effect_Burn_World",
    "LocalSoundEventId": "SFX_Effect_Burn_Local",
    "Particles": [
      {
        "SystemId": "Effect_Fire"
      },
      {
        "SystemId": "BlueFlameThrower",
        "TargetEntityPart": "Self",
        "PositionOffset": {
          "X": 0,
          "Y": 1,
          "Z": 0.25
        },
        "RotationOffset": {
          "Pitch": 45,
          "Roll": 0,
          "Yaw": 90
        },
        "TargetNodeName": "",
        "Scale": 0.5
      },
      {
        "SystemId": "BlueFlameThrower",
        "TargetEntityPart": "Self",
        "PositionOffset": {
          "X": 0,
          "Y": 1,
          "Z": 0.25
        },
        "RotationOffset": {
          "Pitch": 45,
          "Roll": 0,
          "Yaw": -90
        },
        "TargetNodeName": "",
        "Scale": 0.5
      }
    ],
    "ModelVFXId": "Burn"
  },
  "DamageCalculatorCooldown": 1,
  "DamageCalculator": {
    "BaseDamage": {
      "Fire": 15
    }
  },
  "DamageEffects": {
    "WorldSoundEventId": "SFX_Effect_Burn_World",
    "PlayerSoundEventId": "SFX_Effect_Burn_Local"
  },
  "OverlapBehavior": "Overwrite",
  "Infinite": false,
  "Debuff": true,
  "StatusEffectIcon": "UI/StatusEffects/Burn.png",
  "Duration": 5
}
