{
  "ApplicationEffects": {
    "EntityBottomTint": "#100600",
    "EntityTopTint": "#cf2302",
    "ScreenEffect": "ScreenEffects/Fire.png",
    "WorldSoundEventId": "SFX_Effect_Burn_World",
    "LocalSoundEventId": "SFX_Effect_Burn_Local",
    "Particles": [
      {
        "SystemId": "Effect_Fire"
      }
    ],
    "ModelVFXId": "Burn"
  },
  "DamageCalculatorCooldown": 1,
  "DamageCalculator": {
    "BaseDamage": {
      "Fire": 5
    }
  },
  "DamageEffects": {
    "WorldSoundEventId": "SFX_Effect_Burn_World",
    "PlayerSoundEventId": "SFX_Effect_Burn_Local"
  },
  "OverlapBehavior": "Overwrite",
  "Infinite": false,
  "Debuff": true,
  "StatusEffectIcon": "UI/StatusEffects/Burn.png",
  "Duration": 3
}
