{
  "Type": "Simple",
  "RunTime": 0.08,
  "Effects": {
    "ItemAnimationId": "SwingLeft",
    "WorldSoundEventId": "SFX_Light_Melee_T2_Swing",
    "LocalSoundEventId": "SFX_Sword_T2_Swing_RL_Local"
  },
  "Next": {
    "Type": "Parallel",
    "Interactions": [
      {
        "Interactions": [
          {
            "Type": "Replace",
            "Var": "Swing_Left_Selector",
            "DefaultOk": true,
            "DefaultValue": {
              "Interactions": [
                "Weapon_Sword_Primary_Swing_Left_Selector"
              ]
            }
          }
        ]
      },
      {
        "Interactions": [
          "Weapon_Sword_Primary_Swing_Left_Effect"
        ]
      }
    ]
  }
}
