{
  "Parent": "DamageEntityParent",
  "DamageCalculator": {
    "Class": "Charged"
  },
  "Effects": {
    "CameraEffect": "Impact"
  },
  "DamageEffects": {
    "Knockback": {
      "Type": "Force",
      "VelocityConfig": {
        "AirResistance": 0.99,
        "AirResistanceMax": 0.98,
        "GroundResistance": 0.90,
        "GroundResistanceMax": 0.25,
        "Threshold": 3.0,
        "Style": "Linear"
      },
      "Direction": {
        "X": 0,
        "Y": 4,
        "Z": -8
      },
      "Force": 55,
      "VelocityType": "Set"
    },
    "WorldParticles": [
      {
        "SystemId": "Impact_Sword_Basic"
      }
    ],
    "CameraEffect": "Impact_Light"
  },
  "EntityStatsOnHit": [
    {
      "EntityStatId": "SignatureEnergy",
      "Amount": 6
    }
  ]
}